{"estimated_positions": [939.6234835385723, 912.8211678576397, 862.0943456567719, 764.562009879846, 760.5307328396041, 665.1398998906897, 562.6283184724124, 451.7538413780673, 381.067108188113, 407.9045662940548, 403.6358816567202, 458.5044478586933, 510.75328825763916, 650.2954411518693, 775.3057014593702, 820.0079213160916, 754.1858798831382, 602.825863262593, 479.67557455676865, 373.6365648465394, 318.25161606578934, 385.28674433501396, 459.5758823935404, 577.0740830066859, 734.0905567635589, 794.196874666943, 723.4112847375147, 603.5806601667119, 458.52736521676684, 376.8264106926755, 361.4699440580114, 365.33559894250794, 432.3080778060654, 528.0412445274209, 624.1530628090306, 752.1241363778189, 750.5195914077373, 695.4368298017674, 611.5277557323129, 496.6968329000406, 433.37165038176374, 394.08527072206937, 433.0844721511834, 407.345893868033, 433.3490331053136, 538.0637754508107, 702.5256625971582, 824.0322943128824, 843.6126685548401, 825.314866605875, 713.2392804365696, 583.1742579360371, 415.54682469165573, 341.1015552482316, 331.1014210626989, 441.43034395590826, 650.2638345454191, 734.3122956727989], "estimated_velocities": [92.7640516310229, -71.29022776043125, -257.049266329297, -498.9428144737724, -375.5950826693918, -503.7007987059011, -601.8088748096685, -685.0742809486813, -688.273076595699, -560.2956393141317, -496.14133745735336, -374.5178502416459, -275.34502608137313, -98.27186009194637, 39.76352663449052, 80.2871086510936, 8.494560943275346, -136.677440591066, -239.47997197820524, -315.5831796272943, -337.4420135577095, -245.77374201346072, -156.4726876674436, -36.895755081448584, 106.75904254927934, 150.77598612710352, 74.55514872944264, -38.14823750606986, -162.94429438569648, -220.63778234367464, -214.72968478179916, -192.4357622471597, -116.65019360994029, -22.31706100990607, 64.00912283595494, 170.66939619318816, 154.29467568952364, 92.4771144016768, 10.829915590179027, -90.73969735142302, -138.26852829830312, -160.5699317210296, -112.34914656415319, -125.05084689788157, -91.3297475318943, 8.358330410999088, 151.625730333985, 244.7340660000479, 240.45018485342743, 203.37989099321595, 87.457302354256, -34.063306087730155, -177.82681169962427, -227.43007726887816, -216.27490017995268, -100.760612528747, 90.87081466944363, 156.49093074265284]}